"Suburb","Address",Bedroom,"Type",Price,"Link"
"Abbotsbury","10 Nowland Pl",5,"House",1350,"https://www.realestate.com.au/126136322"
"Abbotsford","10/11 Abbotsford Pde",2,"Unit",,"https://www.realestate.com.au/126168898"
"Abbotsford","12/1 Harbourview Cr",3,"Unit",2214,"https://www.realestate.com.au/126110442"
"Adamstown Heights","15 Muriel St",5,"House",,""
"Alexandria","15/30 Brennan St",2,"Unit",,"https://www.realestate.com.au/126173310"
"Alexandria","404/2 Boundary St",1,"Unit",772,"https://www.realestate.com.au/126182202"
"Alexandria","24/1 Shirley St",1,"Unit",,"https://www.realestate.com.au/126148238"
"Alexandria","144/362 Mitchell Rd",2,"Unit",,"https://www.realestate.com.au/126178526"
"Alfords Point","10 Hibiscus Cl",4,"House",1265,"https://www.realestate.com.au/126163802"
"Allawah","3/11 Lancelot St",2,"Unit",,"https://www.realestate.com.au/126203354"
"Annandale","170 Trafalgar St",3,"House",,"https://www.realestate.com.au/126148442"
"Annandale","163A Trafalgar La",3,"House",,"https://www.realestate.com.au/126125290"
"Annandale","3/200 Albion St",2,"Unit",,"https://www.realestate.com.au/126124578"
"Annandale","31/19 Johnston St",1,"Unit",585,"https://www.realestate.com.au/126120410"
"Annandale","31 Young St",2,"House",,"https://www.realestate.com.au/126191406"
"Annandale","59 Ferris St",2,"House",1026,"https://www.realestate.com.au/126193854"
"Artarmon","6/3 Milner Rd",3,"Unit",1390,"https://www.realestate.com.au/126196078"
"Artarmon","32 Stewart St",4,"House",,"https://www.realestate.com.au/126202466"
"Ashfield","89/2A Brown St",2,"Unit",855,"https://www.realestate.com.au/126160066"
"Ashfield","13/44 Bland St",2,"Unit",,"https://www.realestate.com.au/126179126"
"Ashfield","8/35 Charlotte St",2,"Unit",,"https://www.realestate.com.au/126160778"
"Ashfield","15/44 Chandos St",3,"Unit",,"https://www.realestate.com.au/126148458"
"Ashfield","70 Milton St",2,"House",,"https://www.realestate.com.au/126147794"
"Ashfield","4/134 Frederick St",1,"Unit",510,"https://www.realestate.com.au/126140078"
"Asquith","12 Michigan Av",3,"House",,"https://www.realestate.com.au/126203394"
"Auburn","1 Gibbs St",5,"House",,"https://www.realestate.com.au/126122482"
"Austinmer","41 Moore St",4,"House",,"https://www.realestate.com.au/126182774"
"Avoca Beach","34 Gill Av",6,"House",1150,""
"Avoca Beach","28 Townsend Av",4,"House",,"https://www.realestate.com.au/126152862"
"Avoca Beach","30 Ridgway Rd",3,"House",775,"https://www.realestate.com.au/126207358"
"Balgowlah","1/299 Sydney Rd",3,"Unit",1300,"https://www.realestate.com.au/126167750"
"Balgowlah","25 Rickard St",3,"House",1900,"https://www.realestate.com.au/126178002"
"Balgowlah","2/21 Seaview St",3,"House",1625,"https://www.realestate.com.au/126179406"
"Balgowlah Heights","9 Willawa St",4,"House",2645,"https://www.realestate.com.au/126176994"
"Ballina","23/114 Cherry St",2,"Unit",365,"https://www.realestate.com.au/126120622"
"Ballina","5 Mulloway Pl",3,"House",,"https://www.realestate.com.au/126022758"
"Balmain","5 Carieville St",3,"House",2575,"https://www.realestate.com.au/126166958"
"Balmain","2 Caroline St",3,"House",2515,"https://www.realestate.com.au/126123458"
"Balmain","5/55 Mullens St",3,"Unit",1687,"https://www.realestate.com.au/126181214"
"Balmain","61 Reynolds St",4,"House",,"https://www.realestate.com.au/126183502"
"Bangor","1/15 Dulin Cl",4,"Unit",975,"https://www.realestate.com.au/126184722"
"Bangor","40 Bodalla Cr",4,"House",1335,"https://www.realestate.com.au/126156698"
"Banksia","10 Judd St",2,"House",,"https://www.realestate.com.au/125439838"
"Banksia","50 Judd St",2,"House",1285,""
"Banksia","30 Gibbes St",3,"House",1391,"https://www.realestate.com.au/126065062"
"Banksia","39 Lennox St",3,"House",,"https://www.realestate.com.au/126163674"
"Banksia","54 Tabrett St",3,"House",1350,"https://www.realestate.com.au/126171714"
"Bankstown","225 Canterbury Rd",2,"House",680,"https://www.realestate.com.au/126247002"
"Bankstown","37A Marshall St",3,"House",975,"https://www.realestate.com.au/126184698"
"Bar Beach","3 Nickson St",3,"House",,"https://www.realestate.com.au/126121354"
"Bardwell Valley","5 Mawson St",3,"House",1470,"https://www.realestate.com.au/126164798"
"Barrack Point","73 Barrack Av",4,"House",,"https://www.realestate.com.au/126065166"
"Bass Hill","63 Australia St",3,"House",796,"https://www.realestate.com.au/126158194"
"Bass Hill","76 Cann St",4,"House",853,"https://www.realestate.com.au/126148738"
"Bass Hill","24 Orchard Rd",4,"House",,"https://www.realestate.com.au/126166662"
"Bateau Bay","1/21 Adrian Cl",3,"House",420,"https://www.realestate.com.au/126136610"
"Bateau Bay","5 Clyde Cl",3,"House",586,"https://www.realestate.com.au/126156038"
"Bateau Bay","25 Rays Rd",4,"House",,"https://www.realestate.com.au/126149422"
"Bateau Bay","2 Altona Av",2,"House",765,"https://www.realestate.com.au/126159106"
"Baulkham Hills","60 Hilda Rd",3,"House",,"https://www.realestate.com.au/126184134"
"Baulkham Hills","35 Oakland Av",5,"House",1460,"https://www.realestate.com.au/126229154"
"Baulkham Hills","13 Yetholme Av",5,"House",,"https://www.realestate.com.au/126170250"
"Baulkham Hills","35 Girralong Av",3,"House",,"https://www.realestate.com.au/125948514"
"Beacon Hill","60A Brooker Av",3,"House",1650,"https://www.realestate.com.au/126184858"
"Beacon Hill","50 Lady Penrhyn Dr",5,"House",3200,"https://www.realestate.com.au/126050538"
"Beacon Hill","21 Courtley Rd",3,"House",1656,"https://www.realestate.com.au/126183494"
"Beacon Hill","8 Gilles Cr",3,"House",1702,"https://www.realestate.com.au/126237982"
"Beecroft","124A Murray Farm Rd",3,"House",,"https://www.realestate.com.au/126169214"
"Bega","8 Belmore St",4,"House",,""
"Bella Vista","7A Bingara Cr",3,"House",1075,"https://www.realestate.com.au/126163154"
"Bellambi","72 Rothery St",3,"House",,"https://www.realestate.com.au/126164838"
"Bellevue Hill","4/33 Balfour Rd",2,"Unit",1135,"https://www.realestate.com.au/126213234"
"Bellevue Hill","7/150 Old South Head Rd",3,"Unit",,"https://www.realestate.com.au/126181958"
"Belmore","7/62 Sharp St",3,"Unit",680,"https://www.realestate.com.au/126153638"
"Belmore","10 Passey Av",3,"House",1300,"https://www.realestate.com.au/126194114"
"Belrose","10 Annette Pl",5,"House",1770,"https://www.realestate.com.au/126172098"
"Berkeley","16 Rhondda St",4,"House",618,""
"Berkeley","17 Whimbrel Av",4,"House",,"https://www.realestate.com.au/126168642"
"Bexley","81 Caledonian St",3,"House",,""
"Bexley","17 Halley Av",3,"House",1600,"https://www.realestate.com.au/126150818"
"Bexley","8/9 Gladstone St",2,"Unit",547,"https://www.realestate.com.au/126097642"
"Bilgola Plateau","5 Mountview Pl",4,"House",,"https://www.realestate.com.au/126141278"
"Bilgola Plateau","349 Lower Plateau Rd",3,"House",,"https://www.realestate.com.au/126142410"
"Bilgola Plateau","8 Algona St",4,"House",,"https://www.realestate.com.au/126196602"
"Bilgola Plateau","7 Mountview Pl",4,"House",,"https://www.realestate.com.au/126196166"
"Birrong","12 Gazzard St",2,"House",995,"https://www.realestate.com.au/126199918"
"Blacktown","21 Charles St",3,"House",652,"https://www.realestate.com.au/125798426"
"Blacktown","14 Coolabah Pl",4,"House",,"https://www.realestate.com.au/126175658"
"Blacktown","33 Maloney St",3,"House",,"https://www.realestate.com.au/126166586"
"Blacktown","63/17 Huntley Dr",3,"House",,"https://www.realestate.com.au/126166170"
"Blue Bay","1/110 Bay Rd",3,"House",,"https://www.realestate.com.au/126175902"
"Blue Haven","19 Daintree Cr",4,"House",535,""
"Blue Haven","24 Maheno Av",4,"House",,"https://www.realestate.com.au/126165442"
"Bomaderry","86 West Birriley St",5,"House",490,"https://www.realestate.com.au/126086410"
"Bomaderry","103 Lyndhurst Dr",4,"House",,"https://www.realestate.com.au/126042638"
"Bomaderry","27 Edwards Av",5,"House",,"https://www.realestate.com.au/126039654"
"Bombo","29 Riverside Dr",3,"House",965,"https://www.realestate.com.au/126151726"
"Bondi","96 Anglesea St",3,"House",,"https://www.realestate.com.au/126148286"
"Bondi","4/243A Old South Head Rd",1,"Unit",,"https://www.realestate.com.au/126168662"
"Bondi","6/22 Glen St",3,"Unit",,"https://www.realestate.com.au/126159054"
"Bondi","9/162 Bondi Rd",2,"Unit",,"https://www.realestate.com.au/126137822"
"Bondi Beach","2/59 Gould St",4,"Unit",2415,"https://www.realestate.com.au/126136370"
"Bondi Beach","105/79 Gould St",1,"Unit",950,"https://www.realestate.com.au/126131470"
"Bondi Beach","6/7 Obrien St",2,"Unit",1185,"https://www.realestate.com.au/126186126"
"Bondi Beach","6/25 Beach Rd",3,"Unit",1350,"https://www.realestate.com.au/126139690"
"Bondi Junction","1003/79 Grafton St",2,"Unit",,"https://www.realestate.com.au/126183986"
"Bondi Junction","1002/79 Grafton St",2,"Unit",,""
"Bondi Junction","2 Mackenzie St",4,"House",,"https://www.realestate.com.au/126169978"
"Bonnet Bay","11 Garfield Av",5,"House",976,"https://www.realestate.com.au/126189206"
"Bossley Park","3 Brewon Cl",5,"House",920,"https://www.realestate.com.au/126125202"
"Bossley Park","8 Eden Pl",4,"House",950,"https://www.realestate.com.au/126167878"
"Bossley Park","11 Aberdeen St",4,"House",,"https://www.realestate.com.au/126088154"
"Bossley Park","115 Quarry Rd",3,"House",975,"https://www.realestate.com.au/126190274"
"Botany","9 Cranbrook St",3,"House",1403,"https://www.realestate.com.au/126201766"
"Botany","58 Tenterden Rd",3,"House",,"https://www.realestate.com.au/126198518"
"Botany","7 Kurnell St",3,"House",,""
"Breakfast Point","41/5 Woodlands Av",3,"Unit",1350,"https://www.realestate.com.au/126182498"
"Brighton-le-sands","3/14 Sellwood St",2,"Unit",715,"https://www.realestate.com.au/126160134"
"Broken Hill","223 Clarke St",3,"House",56,"https://www.realestate.com.au/126108398"
"Bronte","19A Gardyne St",4,"House",4900,"https://www.realestate.com.au/126119742"
"Bronte","32 Hewlett St",4,"House",4425,"https://www.realestate.com.au/126148494"
"Bronte","44A Gardyne St",4,"House",,"https://www.realestate.com.au/126149350"
"Brookvale","55/48A Consul Rd",3,"Unit",1385,"https://www.realestate.com.au/105189868"
"Brookvale","7/21 Pine Av",2,"Unit",1000,""
"Budgewoi","53 Kailua Av",3,"House",,""
"Buff Point","63 Buff Point Av",4,"House",741,"https://www.realestate.com.au/126164958"
"Bulli","9 Colemans La",4,"House",,"https://www.realestate.com.au/126188682"
"Burwood","9A Rowley St",2,"House",1500,""
"Cabramatta","10 Smiths Av",2,"House",735,"https://www.realestate.com.au/126123938"
"Cabramatta","343 Cabramatta Rd W",3,"House",1030,"https://www.realestate.com.au/126167838"
"Cabramatta","7/72 Hughes St",2,"Unit",,"https://www.realestate.com.au/126089926"
"Cabramatta West","23 Deller Av",3,"House",795,"https://www.realestate.com.au/126147842"
"Cammeray","4/39 Churchill Cr",3,"Unit",1400,"https://www.realestate.com.au/126203534"
"Cammeray","2/215 Ernest St",1,"Unit",713,"https://www.realestate.com.au/126192674"
"Cammeray","23/1 Amherst St",2,"Unit",1360,"https://www.realestate.com.au/126199718"
"Camperdown","1302/1 Sterling Cct",1,"Unit",,"https://www.realestate.com.au/126189062"
"Camperdown","40 Church St",1,"Unit",,"https://www.realestate.com.au/126143334"
"Camperdown","32/124 Parramatta Rd",2,"Unit",900,"https://www.realestate.com.au/126182950"
"Canley Heights","63 St Johns Rd",3,"House",,"https://www.realestate.com.au/126125862"
"Canterbury","8 South Pde",3,"House",,"https://www.realestate.com.au/126165522"
"Canyonleigh","1550 Tugalong Rd",7,"House",,""
"Caringbah","26/6 Banksia Rd",2,"Unit",,"https://www.realestate.com.au/125924974"
"Caringbah","33 Carrington Av",3,"House",,"https://www.realestate.com.au/126128642"
"Caringbah South","2/116 Telopea Av",3,"Unit",,"https://www.realestate.com.au/126144106"
"Caringbah South","1 Burradoo St",5,"House",,"https://www.realestate.com.au/126130870"
"Caringbah South","230 Willarong Rd",3,"House",1,"https://www.realestate.com.au/126182534"
"Carlingford","24/24 Post Office St",2,"Unit",925,"https://www.realestate.com.au/126180430"
"Carlingford","5 Campton Ct",4,"House",,"https://www.realestate.com.au/126188026"
"Carlingford","72 Christel Av",4,"House",1330,"https://www.realestate.com.au/126159206"
"Carlingford","27 Wondabah Pl",4,"House",1750,"https://www.realestate.com.au/126184434"
"Carlingford","45 Pinetree Dr",5,"House",2510,"https://www.realestate.com.au/126179658"
"Carlingford","10 Bellevue Dr",3,"House",1270,"https://www.realestate.com.au/126159202"
"Carss Park","6 Carinya Pl",4,"House",1500,"https://www.realestate.com.au/126192594"
"Castle Hill","28 Highclere Pl",4,"House",,"https://www.realestate.com.au/125492342"
"Castle Hill","6 Dresden Av",4,"House",,"https://www.realestate.com.au/126196150"
"Castle Hill","9 Hilloak Ct",5,"House",1735,"https://www.realestate.com.au/126131054"
"Castle Hill","72 Pentonville Pde",6,"House",1601,"https://www.realestate.com.au/126173666"
"Castle Hill","39 Arlington Av",4,"House",1685,"https://www.realestate.com.au/126168990"
"Castle Hill,","9 Hilloak St",5,"House",1735,""
"Casuarina","40 Dianella Dr",4,"House",1200,"https://www.realestate.com.au/126126474"
"Casula","8A Doomben Cl",4,"House",,"https://www.realestate.com.au/126204090"
"Casula","6 Almond Pl",5,"House",1402,"https://www.realestate.com.au/126152250"
"Cecil Hills","65 Edinburgh Cct",4,"House",,"https://www.realestate.com.au/126216826"
"Centennial Park","77/53 Cook Rd",2,"Unit",1000,"https://www.realestate.com.au/126090662"
"Cessnock","19 King St",3,"House",,"https://www.realestate.com.au/126144986"
"Charlestown","43 Dickinson St",4,"House",1220,"https://www.realestate.com.au/126194386"
"Charlestown","52 James St",3,"House",,"https://www.realestate.com.au/126165582"
"Chatswood","38 Anglo St",4,"House",,"https://www.realestate.com.au/126179998"
"Chatswood","2A Macartney Av",3,"House",,"https://www.realestate.com.au/126170558"
"Chatswood","101B/28 Whitton Rd",2,"Unit",1280,"https://www.realestate.com.au/126194274"
"Chatswood","150/14 Brown St",2,"Unit",1180,"https://www.realestate.com.au/126192638"
"Chatswood","12 Lawrence St",3,"House",,"https://www.realestate.com.au/126148022"
"Chatswood West","27 Quebec Rd",2,"House",,"https://www.realestate.com.au/126199034"
"Cherrybrook","2/53 County Dr",4,"House",1090,"https://www.realestate.com.au/126126218"
"Cherrybrook","41 Macquarie Dr",4,"House",1535,"https://www.realestate.com.au/126187142"
"Cherrybrook","15 Robert Rd",5,"House",,"https://www.realestate.com.au/126041294"
"Cherrybrook","6 Mckinley Pl",5,"House",1460,"https://www.realestate.com.au/126181742"
"Chester Hill","58 Jocelyn St",6,"House",1360,"https://www.realestate.com.au/126167106"
"Chester Hill","9C Gurney Rd",5,"Unit",950,"https://www.realestate.com.au/126149598"
"Chester Hill","28 Alpha St",3,"House",880,"https://www.realestate.com.au/126160418"
"Chester Hill","19 Miller Rd",3,"House",,"https://www.realestate.com.au/126041126"
"Chipping Norton","19 Whelan Av",4,"House",926,"https://www.realestate.com.au/126144030"
"Chiswick","76 Blackwall Point Rd",3,"House",1570,"https://www.realestate.com.au/126187414"
"Clovelly","11 Surfside Av",3,"House",,""
"Clovelly","115 St Thomas St",3,"House",,""
"Clovelly","1/8 Cliffbrook Pde",2,"Unit",2550,"https://www.realestate.com.au/126146426"
"Clovelly","16 Fewings St",3,"House",,"https://www.realestate.com.au/126154882"
"Clovelly","22 Clifton Rd",3,"House",2350,"https://www.realestate.com.au/126127070"
"Clovelly","4/10 Clifton Rd",2,"Unit",,"https://www.realestate.com.au/126203406"
"Coal Point","101 Skye Point Rd",4,"House",,"https://www.realestate.com.au/126134902"
"Coal Point","45 Skye Point Rd",4,"House",,"https://www.realestate.com.au/126140650"
"Coffs Harbour","2/6 Sandon Cl",3,"Unit",,"https://www.realestate.com.au/126133002"
"Coffs Harbour","6B Sandon Cl",3,"Unit",,""
"Coffs Harbour","8 Korff St",3,"House",,"https://www.realestate.com.au/126134042"
"Collaroy","4/4 Frazer St",2,"Unit",861,"https://www.realestate.com.au/126177178"
"Collaroy","13 Kent St",4,"House",,"https://www.realestate.com.au/126045254"
"Collaroy Plateau","129 Claudare St",5,"House",2200,"https://www.realestate.com.au/126135454"
"Collaroy Plateau","60 Aubreen St",5,"House",2700,"https://www.realestate.com.au/126112014"
"Como","34 Woronora Cr",3,"House",1271,"https://www.realestate.com.au/126189166"
"Como","16 Inelgah Rd",4,"House",1060,"https://www.realestate.com.au/126171078"
"Concord","1/45A Burton St",2,"Unit",,"https://www.realestate.com.au/126075818"
"Concord","3 Zoeller St",4,"House",2460,"https://www.realestate.com.au/126066218"
"Concord","2 Jellicoe St",4,"House",2850,"https://www.realestate.com.au/126131174"
"Concord","37 Patterson St",2,"House",1815,"https://www.realestate.com.au/126131158"
"Condell Park","97A Simmat Av",6,"House",1190,"https://www.realestate.com.au/126085282"
"Condell Park","46 Gleeson Av",3,"House",1045,"https://www.realestate.com.au/126169510"
"Constitution Hill","14 Prune St",3,"House",930,"https://www.realestate.com.au/126170574"
"Coogee","19/166 Oberon St",2,"Unit",,"https://www.realestate.com.au/126187802"
"Coogee","21 Brook St",4,"House",3000,"https://www.realestate.com.au/126115926"
"Coogee","2/269 Arden St",3,"Unit",1525,"https://www.realestate.com.au/126184002"
"Coogee","6/62 Dudley St",1,"Unit",920,"https://www.realestate.com.au/126141078"
"Cooks Hill","29 Brooks St",3,"House",990,"https://www.realestate.com.au/126177242"
"Copacabana","1/27 Koorabel Av",3,"House",,"https://www.realestate.com.au/126195410"
"Corlette","15 Corrie Pde",3,"House",,"https://www.realestate.com.au/126101526"
"Corlette","30 Danalene Pde",3,"House",1010,"https://www.realestate.com.au/126115570"
"Cremorne","204/7 Parraween St",2,"Unit",1175,"https://www.realestate.com.au/126189514"
"Cremorne","14/136 Spencer Rd",2,"Unit",1082,"https://www.realestate.com.au/126128514"
"Cremorne","5/7 Reed St",2,"Unit",1265,"https://www.realestate.com.au/126081046"
"Cremorne","28/102 Young St",2,"Unit",,"https://www.realestate.com.au/126201854"
"Cremorne","3/224 Ben Boyd Rd",3,"Unit",1351,"https://www.realestate.com.au/126192598"
"Cremorne","7/59 Yeo St",1,"Unit",745,"https://www.realestate.com.au/126182962"
"Cremorne Point","1/25 Milson Rd",3,"Unit",,"https://www.realestate.com.au/126127718"
"Cremorne Point","2/54 Milson Rd",3,"Unit",,"https://www.realestate.com.au/126201850"
"Cromer","41A Toronto Av",3,"House",1317,"https://www.realestate.com.au/126191694"
"Cromer","2 Kanini Cl",3,"House",1350,"https://www.realestate.com.au/126192706"
"Cromer","23 Howse Cr",3,"House",1700,"https://www.realestate.com.au/126121314"
"Cronulla","18/9 Lucas St",3,"Unit",1200,"https://www.realestate.com.au/126192586"
"Cronulla","1/47 The Esplanade",3,"Unit",3275,"https://www.realestate.com.au/126061558"
"Cronulla","14/34 Hume Rd",2,"Unit",870,"https://www.realestate.com.au/126178730"
"Cronulla","5/86 Gerrale St",2,"Unit",,"https://www.realestate.com.au/126190346"
"Cronulla","27 Riverview Av",4,"House",,"https://www.realestate.com.au/126192610"
"Cronulla","10/14 Parramatta St",2,"Unit",833,"https://www.realestate.com.au/126196130"
"Cronulla","205 Nicholson Parade Cnr Wangi Av",3,"House",,""
"Crows Nest","31 Huntington St",2,"House",,"https://www.realestate.com.au/126185430"
"Crows Nest","87 Atchison St",2,"House",2225,"https://www.realestate.com.au/126203402"
"Croydon","15 Highbury St",4,"House",,""
"Croydon Park","2/18 Clyde St",2,"Unit",700,"https://www.realestate.com.au/126160378"
"Croydon Park","30 Walsh Av",2,"House",1210,"https://www.realestate.com.au/126163170"
"Croydon Park","4 Hay St",4,"House",1750,""
"Culburra Beach","45 Broadview Av",3,"House",,"https://www.realestate.com.au/126126674"
"Culburra Beach","143 Prince Edward Av",3,"House",,"https://www.realestate.com.au/126080374"
"Culburra Beach","17 Orient Point Rd",4,"House",,""
"Culburra Beach","176 Marina La",5,"House",925,""
"Daleys Point","64 Daley Av",6,"House",1865,""
"Darling Point","3/5 St Marks Rd",2,"Unit",983,"https://www.realestate.com.au/126162970"
"Darling Point","1/4 Greenoaks Av",2,"Unit",1411,"https://www.realestate.com.au/126144134"
"Darlinghurst","28/14 Royston St",1,"Unit",656,"https://www.realestate.com.au/126135570"
"Darlinghurst","1/280 Liverpool St",3,"Unit",1601,""
"Darlington","47 Ivy St",2,"House",1335,"https://www.realestate.com.au/126135482"
"Darlington","405/181 Lawson St",3,"Unit",1750,"https://www.realestate.com.au/126139606"
"Davidson","36 Maitland St",4,"House",,"https://www.realestate.com.au/126204614"
"Dee Why","7/40 Boronia St",1,"Unit",,"https://www.realestate.com.au/126084302"
"Dee Why","508/910 Pittwater Rd",2,"Unit",702,"https://www.realestate.com.au/126019946"
"Dee Why","6102/10 Sturdee Pde",1,"Unit",,"https://www.realestate.com.au/126181818"
"Dee Why","5/1 Boronia St",2,"Unit",950,"https://www.realestate.com.au/126143838"
"Dee Why","59/4 Kingsway",2,"Unit",900,"https://www.realestate.com.au/126197906"
"Dee Why","12/59 Howard Av",2,"Unit",1055,"https://www.realestate.com.au/126204766"
"Denistone","25/1 Anzac Av",2,"Unit",,"https://www.realestate.com.au/126109222"
"Denistone East","1/31A Cecil St",4,"House",1445,"https://www.realestate.com.au/126155114"
"Doonside","113 Hill End Rd",3,"House",726,"https://www.realestate.com.au/126172686"
"Doonside","6 Batten Pl",7,"House",935,""
"Doonside","25A Empyrean Gr",5,"House",,"https://www.realestate.com.au/126130202"
"Double Bay","6/532 New South Head Rd",2,"Unit",,"https://www.realestate.com.au/126162162"
"Double Bay","3/19 Ocean Av",2,"Unit",,""
"Drummoyne","8/30 Drummoyne Av",2,"Unit",1208,"https://www.realestate.com.au/126181238"
"Drummoyne","64 Renwick St",4,"House",,"https://www.realestate.com.au/126180910"
"Drummoyne","16 Thompson St",2,"House",1840,"https://www.realestate.com.au/126186230"
"Dubbo","133 Bultje St",3,"House",,"https://www.realestate.com.au/126069782"
"Dubbo","17 Corbett Av",3,"House",226,"https://www.realestate.com.au/126115978"
"Dulwich Hill","108 Denison Rd",3,"House",,"https://www.realestate.com.au/126169974"
"Dundas","212 Kissing Point Rd",3,"House",,"https://www.realestate.com.au/126178530"
"Dundas Valley","38 Simpson St",3,"House",1537,"https://www.realestate.com.au/126202562"
"Dural","833 Old Northern Rd",3,"House",,"https://www.realestate.com.au/126126342"
"Earlwood","31 Marana Rd",3,"House",,"https://www.realestate.com.au/126170554"
"Earlwood","21 Shaw Av",3,"House",,"https://www.realestate.com.au/126095758"
"Earlwood","15/84 Wardell Rd",3,"House",1135,"https://www.realestate.com.au/126184582"
"Earlwood","8B/83 Homer St",3,"Unit",750,""
"Earlwood","71A River St",2,"House",,"https://www.realestate.com.au/126175194"
"Earlwood","23 Banks Rd",2,"House",955,"https://www.realestate.com.au/126196698"
"East Kempsey","5 Little Rudder St",4,"House",525,"https://www.realestate.com.au/126004450"
"East Lindfield","185 Tryon Rd",5,"House",,"https://www.realestate.com.au/126202962"
"East Lindfield","98 Chelmsford Av",5,"House",,"https://www.realestate.com.au/126192158"
"East Maitland","272 Newcastle St",5,"House",,"https://www.realestate.com.au/126188726"
"East Tamworth","12 Bailey Av",4,"House",373,"https://www.realestate.com.au/126126470"
"Eastlakes","3 George St",2,"House",1005,"https://www.realestate.com.au/126199214"
"Eastlakes","4/34 Barber Av",2,"Unit",676,"https://www.realestate.com.au/126157962"
"Eastlakes","19 Garden St",3,"House",,"https://www.realestate.com.au/126163210"
"Eastwood","82A Tarrants Av",5,"House",,"https://www.realestate.com.au/126201474"
"Eastwood","26 Birchgrove Cr",5,"House",1975,"https://www.realestate.com.au/126164806"
"Eastwood","4 Johnston Rd",3,"House",1750,"https://www.realestate.com.au/126159210"
"Eastwood","11 Harley Cr",5,"House",2015,"https://www.realestate.com.au/126199426"
"Eastwood","23 Oakes Av",5,"House",,"https://www.realestate.com.au/126183542"
"Eastwood","5 Rokeva St",5,"House",1675,"https://www.realestate.com.au/126181278"
"Edensor Park","16 Timothy Pl",5,"House",,""
"Edensor Park","22 Condello Cr",6,"House",865,"https://www.realestate.com.au/126184830"
"Edgecliff","2A Herbert Rd",4,"House",3125,"https://www.realestate.com.au/126164270"
"Edgecliff","902/170 Ocean St",3,"Unit",2750,"https://www.realestate.com.au/126141622"
"Edmondson Park","9 Ladysmith Dr",4,"House",851,"https://www.realestate.com.au/126177246"
"Elanora Heights","13A Allawah Av",1,"Unit",900,"https://www.realestate.com.au/126195166"
"Elanora Heights","4 Amaroo Av",5,"House",,""
"Elermore Vale","74 Aries Wy",3,"House",490,"https://www.realestate.com.au/126179118"
"Elizabeth Bay","607/2 Birtley Pl",2,"Unit",,"https://www.realestate.com.au/126145322"
"Engadine","212 Cooriengah Heights Rd",3,"House",,"https://www.realestate.com.au/126132522"
"Enmore","50 Marian St",3,"House",1650,"https://www.realestate.com.au/126124606"
"Epping","44 Somerset St",4,"House",1650,"https://www.realestate.com.au/126125238"
"Epping","24 Haywood St",3,"House",1515,"https://www.realestate.com.au/126110058"
"Epping","4 Dunlop St",5,"House",2656,"https://www.realestate.com.au/126199422"
"Epping","44 Gloucester Rd",4,"House",,"https://www.realestate.com.au/126181970"
"Ermington","5 Cleveland St",5,"Unit",,"https://www.realestate.com.au/126163098"
"Ermington","379 Kissing Point Rd",3,"House",1725,""
"Erskineville","87/16 Eve St",2,"Unit",1015,""
"Erskineville","72 Erskineville Rd",3,"House",1300,"https://www.realestate.com.au/126176318"
"Erskineville","6/65 Erskineville Rd",2,"Unit",,"https://www.realestate.com.au/126126598"
"Erskineville","29A Ashmore St",2,"House",1424,"https://www.realestate.com.au/126194358"
"Erskineville","87/20 Eve St",2,"Unit",1015,"https://www.realestate.com.au/126174018"
"Erskineville","136 Union St",3,"House",,"https://www.realestate.com.au/126138222"
"Fairfield","12 Eton St",4,"House",1222,"https://www.realestate.com.au/126165698"
"Fairfield","44 Cathcart St",4,"House",1450,"https://www.realestate.com.au/126114530"
"Fairfield Heights","150 The Boulevarde",3,"House",1010,""
"Fairfield Heights","51 Linda St",3,"House",745,""
"Fairfield West","34 Chadwick Cr",6,"House",783,"https://www.realestate.com.au/126165478"
"Fairfield West","4 Leichhardt Av",5,"House",,"https://www.realestate.com.au/126161986"
"Fairlight","3/31 Upper Clifford Av",2,"Unit",1710,""
"Fairlight","70 Griffiths St",3,"House",,"https://www.realestate.com.au/126201342"
"Fingal Bay","4/2 Lentara St",2,"Unit",,"https://www.realestate.com.au/126119206"
"Fingal Bay","18 Amaroo Cr",4,"House",720,"https://www.realestate.com.au/125145594"
"Five Dock","35 Newcastle St",3,"House",,"https://www.realestate.com.au/126141730"
"Five Dock","36 Preston Av",2,"House",2125,"https://www.realestate.com.au/126102594"
"Frenchs Forest","20 Dakara Dr",4,"House",,"https://www.realestate.com.au/126191098"
"Frenchs Forest","3 Warung Av",4,"House",1415,"https://www.realestate.com.au/126198366"
"Frenchs Forest","73 John Oxley Dr",4,"House",1800,""
"Freshwater","108 Oliver St",3,"House",,"https://www.realestate.com.au/126148210"
"Freshwater","23/28 Mcdonald St",2,"Unit",965,"https://www.realestate.com.au/126143834"
"Freshwater","44 Harbord Rd",4,"House",,"https://www.realestate.com.au/126188758"
"Gerringong","4 Saxonia Rd",4,"House",,"https://www.realestate.com.au/126179610"
"Gerringong","16 Sharwood Pl",3,"House",,"https://www.realestate.com.au/126165838"
"Gladesville","16/3 Cowell St",2,"Unit",,"https://www.realestate.com.au/126085678"
"Gladesville","13 Raven St",4,"House",2756,"https://www.realestate.com.au/126180462"
"Glebe","37 Forsyth St",3,"House",,"https://www.realestate.com.au/126171054"
"Glenhaven","5 Craigton Pl",4,"House",,"https://www.realestate.com.au/126192642"
"Glenwood","8 Pluto Ct",4,"House",986,"https://www.realestate.com.au/126187146"
"Gordon","7/65 Werona Av",2,"Unit",,"https://www.realestate.com.au/126120206"
"Gordon","15C/803 Pacific Hwy",2,"Unit",,"https://www.realestate.com.au/126195886"
"Gordon","201/77 Ridge St",3,"Unit",,"https://www.realestate.com.au/126121434"
"Gordon","3/711 Pacific Hwy",2,"Unit",820,"https://www.realestate.com.au/126191642"
"Goulburn","147 Faithfull St",3,"House",401,"https://www.realestate.com.au/126191066"
"Granville","45 Oneill St",5,"House",845,"https://www.realestate.com.au/126165602"
"Grasmere","143 Werombi Rd",5,"House",,"https://www.realestate.com.au/126170234"
"Grays Point","5 Emerald Pl",4,"House",,"https://www.realestate.com.au/126064142"
"Green Point","12 Willow Glen Cl",3,"House",,"https://www.realestate.com.au/126163854"
"Green Point","11 Victor Cl",5,"House",1200,"https://www.realestate.com.au/126174286"
"Green Valley","2 Dunk Cl",4,"House",683,"https://www.realestate.com.au/126171070"
"Greenacre","5 Skyline St",6,"House",,"https://www.realestate.com.au/126169630"
"Greenacre","3 Islington Cr",4,"House",,"https://www.realestate.com.au/126151734"
"Greenacre","4 Wilbur St",2,"House",1120,"https://www.realestate.com.au/126169914"
"Greenacre","160 Wilbur St",3,"House",1250,"https://www.realestate.com.au/126221482"
"Greenacre","11 Sugarwood Gr",3,"House",,"https://www.realestate.com.au/126129622"
"Greenacre","29 Pelman Av",3,"House",,"https://www.realestate.com.au/126169966"
"Greenacre","29A Margaret St",3,"House",,"https://www.realestate.com.au/126159458"
"Greenfield Park","35 Cherokee Av",4,"House",825,""
"Greenwell Point","35 Haiser Rd",2,"House",,"https://www.realestate.com.au/125783526"
"Greystanes","113 Roberta St",3,"House",,"https://www.realestate.com.au/126178426"
"Greystanes","4 Hoad Pl",4,"House",,"https://www.realestate.com.au/126177274"
"Greystanes","192 Greystanes Rd",3,"House",,"https://www.realestate.com.au/126163754"
"Griffith","6/8 Collarene Av",2,"Unit",256,"https://www.realestate.com.au/126182478"
"Griffith","111 Macarthur St",4,"House",,"https://www.realestate.com.au/126174294"
"Griffith","2 Muir Pl",3,"House",,"https://www.realestate.com.au/126197386"
"Guildford","3 Rawson Rd",4,"House",,""
"Guildford","444 Blaxcell St",4,"House",,"https://www.realestate.com.au/122899058"
"Guildford","199 Guildford Rd",4,"House",900,"https://www.realestate.com.au/126221542"
"Guildford","10 Strickland Rd",3,"House",,"https://www.realestate.com.au/126160546"
"Guildford","1 Rawson Rd",7,"House",,"https://www.realestate.com.au/126083190"
"Guildford West","3 Leach Rd",5,"House",,"https://www.realestate.com.au/126187302"
"Gulgong","55 Mayne St",3,"House",262,"https://www.realestate.com.au/125883478"
"Gymea","7 Opal Pl",3,"House",1220,"https://www.realestate.com.au/126148354"
"Gymea Bay","15 Nulgarra Av",5,"House",,"https://www.realestate.com.au/126109998"
"Hamilton South","214 Beaumont St",2,"House",750,"https://www.realestate.com.au/126184730"
"Hamilton South","30 Harle St",3,"House",,"https://www.realestate.com.au/126184726"
"Harris Park","8/39 Bowden St",2,"Unit",541,"https://www.realestate.com.au/126184154"
"Helensburgh","45 Undola Rd",2,"House",910,""
"Helensburgh","2/3 Chippendale Pl",4,"Unit",,"https://www.realestate.com.au/126144694"
"Hinchinbrook","13 Flinders Cr",4,"House",830,""
"Homebush","24/69 Park Rd",2,"Unit",,"https://www.realestate.com.au/126151966"
"Homebush West","24/40 Henley Rd",4,"Unit",,"https://www.realestate.com.au/126167230"
"Hornsby","25 Denison St",4,"House",1371,"https://www.realestate.com.au/126189746"
"Hornsby","4 Homewood Av",3,"House",,"https://www.realestate.com.au/126188970"
"Hornsby","4/14 Rosamond St",4,"Unit",,"https://www.realestate.com.au/126189750"
"Hornsby","105A Pretoria Pde",4,"House",1400,"https://www.realestate.com.au/126145250"
"Hoxton Park","28 Windle Av",4,"House",,"https://www.realestate.com.au/126162406"
"Hurstville","84 Gloucester Rd",5,"House",1630,"https://www.realestate.com.au/125800158"
"Hurstville","E1601/2 Jack Brabham Dr",2,"Unit",852,"https://www.realestate.com.au/126173706"
"Hurstville","68/17 Macmahon St",3,"Unit",,"https://www.realestate.com.au/126125250"
"Hurstville","510A/99 Forest Rd",2,"Unit",,"https://www.realestate.com.au/126141054"
"Illawong","28 Fowler Rd",5,"House",2050,"https://www.realestate.com.au/126172154"
"Ingleburn","14/23 Gertrude St",3,"Unit",,"https://www.realestate.com.au/126163030"
"Inverell","21 Clive St",4,"House",,"https://www.realestate.com.au/126128030"
"Islington","2 Morgan St",3,"House",780,"https://www.realestate.com.au/126226614"
"Jannali","7 Alice St",4,"House",1510,"https://www.realestate.com.au/126130866"
"Jannali","16 Tunbridge Pl",4,"House",1462,"https://www.realestate.com.au/126186502"
"Keith Hall","1153 River Dr",4,"House",,"https://www.realestate.com.au/126056598"
"Kellyville","633/27 Foxall Rd",4,"House",,"https://www.realestate.com.au/126121758"
"Kellyville","8 Flannan Ct",4,"House",,"https://www.realestate.com.au/126123366"
"Kellyville","36 Duncraig Dr",4,"House",1180,"https://www.realestate.com.au/126171074"
"Kellyville","2 Connaught Cct",4,"House",1320,"https://www.realestate.com.au/126169106"
"Kellyville","33 Acres Rd",4,"House",1470,"https://www.realestate.com.au/126193546"
"Kellyville","41 Craven St",4,"House",,"https://www.realestate.com.au/126332014"
"Kellyville","5 Norval St",4,"House",,"https://www.realestate.com.au/126185102"
"Kellyville Ridge","17 Wymar St",5,"House",1232,"https://www.realestate.com.au/126091322"
"Kensington","401D/250 Anzac Pde",1,"Unit",,"https://www.realestate.com.au/126137166"
"Kensington","15/5 Samuel Terry Av",3,"Unit",,"https://www.realestate.com.au/126184646"
"Kensington","87 Mooramie Av",4,"House",2500,"https://www.realestate.com.au/126133994"
"Kiama","23 Holden Av",5,"House",,"https://www.realestate.com.au/126125278"
"Killara","35 Coronga Cr",3,"House",,"https://www.realestate.com.au/125957986"
"Killara","18 Fitzroy St",4,"House",,"https://www.realestate.com.au/126199246"
"Killara","32 Arnold St",5,"House",,"https://www.realestate.com.au/126199318"
"Killarney Heights","114 Starkey St",4,"House",,"https://www.realestate.com.au/126162126"
"Killarney Vale","2/5 Hume Bvd",3,"House",,"https://www.realestate.com.au/126175894"
"Kings Langley","56 James Cook Dr",3,"House",,"https://www.realestate.com.au/126101730"
"Kingscliff","4/258 Marine Pde",2,"Unit",505,"https://www.realestate.com.au/126077306"
"Kingscliff","14 Cormorant Pl",4,"House",,"https://www.realestate.com.au/126131970"
"Kingsford","4/43 Meeks St",3,"Unit",1201,"https://www.realestate.com.au/126153370"
"Kingsford","7 Kennedy St",2,"House",,"https://www.realestate.com.au/126115186"
"Kingsgrove","88A Morgan St",5,"House",,"https://www.realestate.com.au/126123642"
"Kingsgrove","20 Morris Av",2,"House",,"https://www.realestate.com.au/126164466"
"Kirrawee","515 The Boulevarde",3,"House",1115,"https://www.realestate.com.au/126160710"
"Kirrawee","3/465 The Boulevarde",3,"House",830,"https://www.realestate.com.au/126184610"
"Kirrawee","2/17 Clements Pde",3,"Unit",,""
"Kirribilli","1/51 Broughton St",1,"Unit",730,"https://www.realestate.com.au/126185806"
"Kirribilli","11/29 Carabella St",2,"Unit",,"https://www.realestate.com.au/126181178"
"Kirribilli","84/32 Carabella St",1,"Unit",1210,"https://www.realestate.com.au/126184826"
"Kogarah","4/23 Bellevue St",2,"Unit",642,"https://www.realestate.com.au/126202610"
"Kogarah Bay","3 Mayor St",5,"House",2275,"https://www.realestate.com.au/126161770"
"Kurraba Point","126 Kurraba Rd",4,"House",,"https://www.realestate.com.au/126155302"
"Kurraba Point","17/143 Kurraba Rd",1,"Unit",780,"https://www.realestate.com.au/126186878"
"Kurraba Point","5/174A Kurraba Rd",1,"Unit",,"https://www.realestate.com.au/126110986"
"Kurri Kurri","5 Stanford St",2,"House",,"https://www.realestate.com.au/126177706"
"La Perouse","21 Goorawahl Av",3,"House",,""
"Lakemba","13 Yerrick Rd",3,"House",,"https://www.realestate.com.au/126173526"
"Lane Cove","23/300A Burns Bay Rd",3,"Unit",950,"https://www.realestate.com.au/126190798"
"Lane Cove","1/38 Cope St",2,"Unit",705,"https://www.realestate.com.au/126189518"
"Lane Cove","9/12 Epping Rd",2,"Unit",700,"https://www.realestate.com.au/126187202"
"Lane Cove North","4/464 Pacific Hwy",2,"Unit",880,"https://www.realestate.com.au/126198374"
"Lane Cove North","710A/7 Centennial Av",2,"Unit",888,"https://www.realestate.com.au/126166450"
"Lane Cove North","28 Ralston St",2,"House",,"https://www.realestate.com.au/126196022"
"Leichhardt","13 Falls St",4,"House",2400,"https://www.realestate.com.au/126151750"
"Lennox Head","1 Granite St",3,"House",,"https://www.realestate.com.au/126128182"
"Lidcombe","23 Cooba St",3,"House",,"https://www.realestate.com.au/126116334"
"Lidcombe","24/129 Frances St",2,"Unit",635,"https://www.realestate.com.au/126172390"
"Lidcombe","37 Georges Av",3,"House",1100,"https://www.realestate.com.au/126166414"
"Lilli Pilli","22 Lilli Pilli Point Rd",5,"House",,"https://www.realestate.com.au/126117774"
"Lilyfield","29 Halloran St",4,"House",1600,"https://www.realestate.com.au/126144834"
"Lindfield","11/3 Gladstone Pde",1,"Unit",663,"https://www.realestate.com.au/126145934"
"Lindfield","68 Highfield Rd",5,"House",,"https://www.realestate.com.au/126181182"
"Lindfield","2B Owen St",5,"House",,"https://www.realestate.com.au/126190650"
"Liverpool","27/79 Memorial Av",2,"Unit",,""
"Liverpool","67 Medley Av",4,"House",680,"https://www.realestate.com.au/126171454"
"Liverpool","94 Medley Av",4,"House",,""
"Liverpool","115 Medley Av",5,"House",,"https://www.realestate.com.au/126165646"
"Loftus","46 Spur Cr",4,"House",1070,"https://www.realestate.com.au/126164830"
"Loftus","132 National Av",3,"House",,"https://www.realestate.com.au/126180046"
"Long Jetty","8 Minto Av",1,"House",500,"https://www.realestate.com.au/502497598"
"Long Jetty","21 Pacific St",3,"House",750,"https://www.realestate.com.au/126157146"
"Longueville","39 Lucretia Av",5,"House",,"https://www.realestate.com.au/126164826"
"Lugarno","6 Illawong St",4,"House",1350,"https://www.realestate.com.au/126187934"
"Lurnea","36 Hill Rd",3,"House",,"https://www.realestate.com.au/126140894"
"Lurnea","2 Bird Av",3,"House",695,"https://www.realestate.com.au/126208206"
"Macquarie Park","1/10 Tuckwell Pl",3,"Unit",,"https://www.realestate.com.au/126185966"
"Macquarie Park","23/5 Durham Cl",2,"Unit",782,"https://www.realestate.com.au/126191650"
"Macquarie Park","48/2 Leisure Cl",2,"Unit",700,"https://www.realestate.com.au/126185118"
"Manly","25 Malvern Av",3,"House",3110,"https://www.realestate.com.au/126145382"
"Manly","53/29 The Crescent",2,"Unit",,"https://www.realestate.com.au/126165886"
"Manly","2/6 James St",2,"Unit",,"https://www.realestate.com.au/126182674"
"Manly","16 Eurobin Av",4,"House",3720,"https://www.realestate.com.au/126136598"
"Manly","13/15 Balgowlah Rd",2,"House",1190,""
"Manly","13/17 Balgowlah Rd",2,"House",1190,"https://www.realestate.com.au/126172202"
"Manly","4/78 Raglan St",3,"Unit",1485,"https://www.realestate.com.au/126173594"
"Manly Vale","11/1 Quirk Rd",2,"Unit",,"https://www.realestate.com.au/126196650"
"Manly Vale","82 Innes Rd",4,"House",,"https://www.realestate.com.au/126183642"
"Manly Vale","2/48 Lovett St",3,"Unit",1630,"https://www.realestate.com.au/126188602"
"Manly Vale","42 Lovett St",4,"House",2185,"https://www.realestate.com.au/126168994"
"Maroubra","24 Camira St",3,"House",,"https://www.realestate.com.au/126148370"
"Maroubra","45 Osullivan Av",3,"House",1625,"https://www.realestate.com.au/126139722"
"Maroubra","61 Metcalfe St",4,"House",,"https://www.realestate.com.au/126148010"
"Maroubra","4/4 New Orleans Cr",3,"Unit",,"https://www.realestate.com.au/126182086"
"Maroubra","64 Broome St",3,"House",2275,"https://www.realestate.com.au/126163786"
"Maroubra","3/152 Marine Pde",2,"Unit",1520,"https://www.realestate.com.au/126151858"
"Maroubra","14/66 Maroubra Rd",2,"Unit",,"https://www.realestate.com.au/126167550"
"Maroubra","13/857 Anzac Pde",2,"Unit",,"https://www.realestate.com.au/126181218"
"Maroubra","43/818 Anzac Pde",3,"Unit",1620,"https://www.realestate.com.au/126171090"
"Maroubra","11 Snape St",3,"House",2150,"https://www.realestate.com.au/126173650"
"Maroubra","11 Portland Cr",3,"House",2250,"https://www.realestate.com.au/126173750"
"Maroubra","69 Holmes St",2,"House",1700,"https://www.realestate.com.au/126180210"
"Maroubra","162 Paine St",5,"House",2300,"https://www.realestate.com.au/126192578"
"Maroubra","1 Johnston Pde",5,"House",,""
"Marrickville","150 Addison Rd",3,"House",1430,"https://www.realestate.com.au/126148234"
"Marrickville","4 Charles St",2,"House",,"https://www.realestate.com.au/126176398"
"Marrickville","11/13 Bayley St",2,"Unit",738,"https://www.realestate.com.au/126165038"
"Marrickville","6 Silver St",3,"House",1600,"https://www.realestate.com.au/126124402"
"Marrickville","78 Illawarra Rd",4,"House",1575,"https://www.realestate.com.au/126173798"
"Marrickville","207 Illawarra Rd",3,"House",,"https://www.realestate.com.au/126185606"
"Marsfield","10/6 Nile Cl",2,"Unit",,"https://www.realestate.com.au/126210190"
"Marsfield","7/178 Waterloo Rd",2,"Unit",861,"https://www.realestate.com.au/126181502"
"Marsfield","137 Vimiera Rd",4,"House",1630,"https://www.realestate.com.au/126182766"
"Marsfield","62 Waring St",3,"House",1560,"https://www.realestate.com.au/126186518"
"Mascot","65 Robey St",2,"House",1100,"https://www.realestate.com.au/126031810"
"Mascot","13 Mcburney Av",4,"House",,"https://www.realestate.com.au/126172814"
"Mascot","4/108 High St",2,"Unit",825,"https://www.realestate.com.au/126079798"
"Mascot","4/104 High St",2,"Unit",825,""
"Matcham","84 Coachwood Rd",6,"House",,"https://www.realestate.com.au/126139262"
"Matraville","10 Torrens St",5,"House",,"https://www.realestate.com.au/126129362"
"Matraville","6 Oxley St",5,"House",2020,"https://www.realestate.com.au/126103726"
"Meadowbank","13/19 Meadow Cr",2,"Unit",587,""
"Medowie","809 Medowie Rd",5,"House",,"https://www.realestate.com.au/126088810"
"Menai","5 Barnes Cr",4,"House",,"https://www.realestate.com.au/126160442"
"Merewether","4 Burwood St",4,"House",,"https://www.realestate.com.au/126098882"
"Merrylands","39 Holdsworth St",6,"House",1350,"https://www.realestate.com.au/126186314"
"Merrylands","27 Mary St",4,"House",965,"https://www.realestate.com.au/126194270"
"Merrylands","6 Soudan St",4,"House",960,""
"Merrylands","31 Beszant St",3,"House",,"https://www.realestate.com.au/126130246"
"Merrylands West","3 Elford Cr",4,"House",1100,"https://www.realestate.com.au/126173918"
"Middle Cove","30 Covelee Cct",5,"House",2600,"https://www.realestate.com.au/126221974"
"Milperra","23 Sinai Av",3,"House",,"https://www.realestate.com.au/126164118"
"Milsons Point","35/48 Alfred St S",1,"Unit",850,"https://www.realestate.com.au/126152810"
"Minnamurra","9/128 Charles Av",3,"Unit",1540,"https://www.realestate.com.au/126135702"
"Miranda","1/103 Kareena Rd",3,"Unit",,"https://www.realestate.com.au/126074786"
"Miranda","4 Graham Av",3,"House",,"https://www.realestate.com.au/126112026"
"Miranda","1/13 Urunga Pde",3,"Unit",811,"https://www.realestate.com.au/126193558"
"Moama","28 Regent St",3,"House",296,"https://www.realestate.com.au/126042186"
"Mona Vale","1652A Pittwater Rd",3,"House",1625,""
"Mona Vale","3/16 Terrol Cr",2,"Unit",,""
"Monterey","1/23 Robinson St",3,"Unit",,"https://www.realestate.com.au/126174574"
"Moonee Beach","23 Moonee Creek Dr",4,"House",,"https://www.realestate.com.au/126171562"
"Mortdale","5 Ballantyne Rd",4,"House",2000,"https://www.realestate.com.au/126164870"
"Mortdale","10/2 Jersey Av",1,"Unit",541,"https://www.realestate.com.au/126164982"
"Mortdale","111B Morts Rd",3,"House",,"https://www.realestate.com.au/126161534"
"Mosman","16/68 Bradleys Head Rd",1,"Unit",961,""
"Mosman","76 Spencer Rd",3,"House",1175,"https://www.realestate.com.au/126196702"
"Mosman","18 Sirius Cove Rd",4,"House",,"https://www.realestate.com.au/126084622"
"Mosman","3/10 Rawson St",2,"Unit",,"https://www.realestate.com.au/126185750"
"Mosman","9 Dalton Rd",5,"House",4800,"https://www.realestate.com.au/126168306"
"Mosman","24 Dalton Rd",3,"House",,"https://www.realestate.com.au/126206182"
"Mosman","11/89A Cowles Rd",2,"Unit",900,"https://www.realestate.com.au/126184814"
"Mosman","69 Macpherson St",3,"House",,"https://www.realestate.com.au/126192626"
"Mosman","3A Hopetoun Av",4,"House",,"https://www.realestate.com.au/126147814"
"Mosman","34 The Grove",4,"House",,"https://www.realestate.com.au/126179714"
"Mosman","16/139 Middle Head Rd",2,"Unit",,"https://www.realestate.com.au/126157086"
"Mount Austin","39 Leavenworth Dr",3,"House",,"https://www.realestate.com.au/126204670"
"Mount Austin","43 Leavenworth Dr",3,"House",,"https://www.realestate.com.au/126204674"
"Mount Druitt","2/71 George St",3,"House",985,"https://www.realestate.com.au/126160338"
"Mount Pritchard","37 Phyllis St",6,"House",1400,"https://www.realestate.com.au/126167458"
"Mount Pritchard","4 Lindsay Pl",5,"House",,"https://www.realestate.com.au/125993014"
"Mullumbimby","51 Station St",3,"House",,""
"Naremburn","1/5 Chelmsford Av",3,"House",,"https://www.realestate.com.au/126192690"
"Naremburn","12 Rhodes Av",4,"House",3000,"https://www.realestate.com.au/126184662"
"Naremburn","19B Market St",3,"House",2060,"https://www.realestate.com.au/126152198"
"Narrabeen","7/3 King St",2,"Unit",1100,"https://www.realestate.com.au/126203366"
"Narrabeen","7/18 Wetherill St",2,"Unit",869,"https://www.realestate.com.au/126185006"
"Narrabeen","10/14 Robertson St",2,"Unit",835,"https://www.realestate.com.au/126186510"
"Narrabeen","5/179 Ocean St",2,"Unit",,"https://www.realestate.com.au/126181578"
"Narraweena","17 Chester Pl",4,"House",1710,"https://www.realestate.com.au/126192722"
"Narraweena","3 Pine Pl",5,"House",,"https://www.realestate.com.au/126192686"
"Narraweena","31 Nalya Rd",4,"House",1520,"https://www.realestate.com.au/126192682"
"Nelson Bay","5/2 Tomaree St",2,"Unit",300,"https://www.realestate.com.au/126125374"
"Nelson Bay","54 Parkes St",3,"House",530,"https://www.realestate.com.au/126017398"
"Nelson Bay","22 Parkes St",3,"House",530,"https://www.realestate.com.au/126004442"
"Nelson Bay","14 Christmas Bush Av",3,"House",690,"https://www.realestate.com.au/126113106"
"Nelson Bay","2/71 Victoria Pde",2,"Unit",,"https://www.realestate.com.au/125477770"
"Nelson Bay","1/29 Armidale Av",2,"Unit",280,"https://www.realestate.com.au/126069606"
"Neutral Bay","26 Ben Boyd Rd",3,"House",,"https://www.realestate.com.au/126142402"
"Neutral Bay","6/28 Lower Wycombe Rd",2,"Unit",1550,"https://www.realestate.com.au/126181282"
"Neutral Bay","29/44 Bent St",3,"Unit",,"https://www.realestate.com.au/126198138"
"Neutral Bay","14/24 Barry St",1,"Unit",,"https://www.realestate.com.au/126137118"
"New Lambton","125 Kings Rd",3,"House",590,"https://www.realestate.com.au/126193846"
"New Lambton","127 Russell Rd",3,"House",745,"https://www.realestate.com.au/126197470"
"Newport","34 Nullaburra Rd",3,"House",,"https://www.realestate.com.au/502504326"
"Newport","28 Grandview Dr",6,"House",,"https://www.realestate.com.au/126092346"
"Newport","11 Sybil St",3,"House",1230,"https://www.realestate.com.au/126172018"
"Newtown","9 Sloane St",2,"House",1300,"https://www.realestate.com.au/126179094"
"Newtown","30 Queen St",3,"House",,"https://www.realestate.com.au/126195242"
"Newtown","107W/138 Carillon Av",1,"Unit",,"https://www.realestate.com.au/126185302"
"North Balgowlah","4 Coramba St",3,"House",2260,"https://www.realestate.com.au/126182030"
"North Bondi","8/97 Hastings Pde",1,"Unit",1160,"https://www.realestate.com.au/126200498"
"North Bondi","3/2A Brighton Bvd",1,"Unit",885,"https://www.realestate.com.au/126192670"
"North Curl Curl","24 Robertson Rd",3,"House",,"https://www.realestate.com.au/126189526"
"North Curl Curl","44A Abbott Rd",5,"House",,"https://www.realestate.com.au/126131142"
"North Epping","37 Woodvale Av",3,"House",1121,"https://www.realestate.com.au/126191078"
"North Manly","40 Corrie Rd",4,"House",2480,"https://www.realestate.com.au/126181246"
"North Narrabeen","18A The Crescent",4,"House",1545,"https://www.realestate.com.au/126191494"
"North Nowra","4 Wingello Cl",4,"House",650,""
"North Nowra","9 Clarke Av",3,"House",,"https://www.realestate.com.au/126151050"
"North Nowra","261 Illaroo Rd",3,"House",,""
"North Rocks","2 Stratford Rd",3,"House",1270,"https://www.realestate.com.au/126167578"
"North Ryde","28 Conrad St",5,"House",,"https://www.realestate.com.au/126094858"
"North Sydney","507/245 Pacific Hwy",1,"Unit",650,"https://www.realestate.com.au/126150390"
"North Sydney","56/171 Walker St",3,"Unit",1885,"https://www.realestate.com.au/126149362"
"North Sydney","1/2 Eden St",2,"Unit",,"https://www.realestate.com.au/126192694"
"North Tamworth","88 Piper St",3,"House",300,"https://www.realestate.com.au/126121842"
"North Tamworth","42 Carthage St",4,"House",,"https://www.realestate.com.au/126120978"
"North Wahroonga","5 Daly Av",5,"House",,"https://www.realestate.com.au/126181254"
"North Willoughby","31 Bedford St",2,"House",,"https://www.realestate.com.au/126187226"
"North Willoughby","33/301 Penshurst St",2,"Unit",1010,""
"Northbridge","38 Minimbah Rd",4,"House",,"https://www.realestate.com.au/126092342"
"Northbridge","17 Narani Cr",3,"House",,"https://www.realestate.com.au/126035790"
"Northwood","4 Private Rd",5,"House",,"https://www.realestate.com.au/126128510"
"Nowra","77 St Anns St",3,"House",,"https://www.realestate.com.au/126151530"
"Nowra","57 Wallace St",3,"House",,"https://www.realestate.com.au/126099814"
"Oak Flats","2 The Esplanade",3,"House",,"https://www.realestate.com.au/125948974"
"Oak Flats","7 Kilpa Pl",3,"House",600,"https://www.realestate.com.au/126150006"
"Oatley","1/15 Gungah Bay Rd",4,"Unit",,"https://www.realestate.com.au/126224122"
"Oatley","3/15 Gungah Bay Rd",3,"Unit",1400,"https://www.realestate.com.au/126143586"
"Oatley","4/3 Rosa St",2,"Unit",760,"https://www.realestate.com.au/126186950"
"Oatley","24A Annette St",4,"House",2400,"https://www.realestate.com.au/126196138"
"Oatley","24A Algernon St",3,"House",1800,"https://www.realestate.com.au/126184926"
"Old Toongabbie","101 Binalong Rd",2,"House",,"https://www.realestate.com.au/126161962"
"Orange","17 Goorawin Rd",3,"House",,"https://www.realestate.com.au/124441374"
"Orange","14 Moulder St",3,"House",510,"https://www.realestate.com.au/126147518"
"Orange","6 Hawkins La",3,"House",585,"https://www.realestate.com.au/126098790"
"Orange","5 Namatjira Cr",3,"House",,""
"Oxley Park","42A Brisbane St",7,"House",880,""
"Paddington","26 Hopewell St",3,"House",,""
"Paddington","52 Elizabeth St",2,"House",,"https://www.realestate.com.au/126216130"
"Paddington","74 Boundary St",3,"House",,"https://www.realestate.com.au/125847098"
"Paddington","13 Ormond St",3,"House",2200,"https://www.realestate.com.au/126153294"
"Paddington","70 Goodhope St",3,"House",,""
"Paddington","378 Moore Park Rd",4,"House",2775,"https://www.realestate.com.au/126153918"
"Padstow","14 Orient Rd",3,"House",1100,""
"Padstow","27 Ronald St",3,"House",1188,"https://www.realestate.com.au/126148170"
"Padstow","1 Nella St",4,"House",,"https://www.realestate.com.au/126174398"
"Pagewood","14 Lang Av",3,"House",1500,"https://www.realestate.com.au/126132650"
"Pagewood","96 Wentworth Av",3,"House",,"https://www.realestate.com.au/126126642"
"Panania","94 Weston St",4,"House",945,"https://www.realestate.com.au/126252206"
"Panania","212 Horsley Rd",4,"House",,"https://www.realestate.com.au/126171118"
"Parramatta","607/19 Good St",2,"Unit",635,"https://www.realestate.com.au/126170578"
"Parramatta","56 Crimea St",5,"House",2130,"https://www.realestate.com.au/126170570"
"Parramatta","810/6 Charles St",3,"Unit",,"https://www.realestate.com.au/125401546"
"Parramatta","19 Webb St",1,"House",,"https://www.realestate.com.au/126165462"
"Peakhurst","23 Arnold St",3,"House",1255,"https://www.realestate.com.au/126174282"
"Peakhurst","158 Boundary Rd",3,"House",,"https://www.realestate.com.au/126181686"
"Pemulwuy","11 Buran Rd",5,"House",1345,"https://www.realestate.com.au/126179782"
"Pendle Hill","6 Macklin St",4,"House",1460,"https://www.realestate.com.au/126167522"
"Pennant Hills","111 Wongala Cr",4,"House",,"https://www.realestate.com.au/126213734"
"Petersham","69/1 Coronation Av",1,"Unit",725,"https://www.realestate.com.au/126110846"
"Petersham","45 Brighton St",3,"House",,"https://www.realestate.com.au/126162506"
"Pitt Town","27 Hawkesbury St",5,"House",1580,"https://www.realestate.com.au/125943598"
"Port Hacking","35A Turriell Point Rd",4,"House",,"https://www.realestate.com.au/126197422"
"Port Hacking","643A Port Hacking Rd",4,"Unit",,"https://www.realestate.com.au/126175618"
"Port Kembla","20 Third Av",4,"House",,"https://www.realestate.com.au/126213218"
"Port Macquarie","11 Haynes Av",4,"House",,""
"Port Macquarie","15 Lillian Ct",5,"House",,"https://www.realestate.com.au/126199590"
"Port Macquarie","4 Hibbard Dr",4,"House",,"https://www.realestate.com.au/126171918"
"Port Macquarie","4/10 William St",3,"Unit",,"https://www.realestate.com.au/126159074"
"Potts Point","11/3 Crick Av",1,"Unit",,"https://www.realestate.com.au/126096682"
"Pottsville","1/7 Tudor Ct",3,"House",,"https://www.realestate.com.au/126193226"
"Pottsville","172 Overall Dr",4,"House",748,"https://www.realestate.com.au/126186450"
"Prestons","1/9 Yerona St",2,"Unit",545,"https://www.realestate.com.au/126230754"
"Punchbowl","12 Dudley St",4,"House",,"https://www.realestate.com.au/126089310"
"Putney","76 Douglas St",5,"House",2900,"https://www.realestate.com.au/126143222"
"Pymble","26 Beechworth Rd",3,"House",2150,"https://www.realestate.com.au/126187570"
"Pymble","23 Quadrant Cl",3,"House",1520,"https://www.realestate.com.au/126190342"
"Pymble","33 Pymble Av",6,"House",5700,"https://www.realestate.com.au/126159310"
"Pymble","1031/2 Avon Rd",2,"Unit",,"https://www.realestate.com.au/126201650"
"Pymble","15 Kiparra St",4,"House",2045,""
"Pymble","52 Merrivale Rd",4,"House",,"https://www.realestate.com.au/126201642"
"Pyrmont","M212/26 Cadigal Av",2,"Unit",,"https://www.realestate.com.au/126112006"
"Pyrmont","27/56 Pirrama Rd",2,"Unit",2250,"https://www.realestate.com.au/126173606"
"Pyrmont","34/1 Bunn St",2,"Unit",,"https://www.realestate.com.au/126200878"
"Pyrmont","61/209 Harris St",1,"Unit",,"https://www.realestate.com.au/126185602"
"Queanbeyan","47 Hayes St",2,"House",,"https://www.realestate.com.au/126164866"
"Queanbeyan East","1/9 Hybon Av",2,"House",,"https://www.realestate.com.au/126163126"
"Queens Park","45 York Rd",5,"House",5000,"https://www.realestate.com.au/126162706"
"Queenscliff","10 Aitken Av",4,"House",2860,"https://www.realestate.com.au/126165350"
"Queenscliff","3/47 Queenscliff Rd",2,"Unit",1250,"https://www.realestate.com.au/126204734"
"Randwick","33 Burton St",3,"House",,""
"Randwick","16/144 Alison Rd",0,"Unit",925,""
"Randwick","65 Arthur St",3,"House",,""
"Randwick","16/158 Alison Rd",2,"Unit",925,"https://www.realestate.com.au/126144750"
"Randwick","78/6 Frances St",2,"Unit",,"https://www.realestate.com.au/126189698"
"Randwick","27 Coogee St",5,"House",3665,"https://www.realestate.com.au/126111494"
"Randwick","2/7 Silver St",2,"Unit",,"https://www.realestate.com.au/126184194"
"Rathmines","1 Starboard Cl",5,"House",,"https://www.realestate.com.au/126113854"
"Redfern","48/153 George St",2,"Unit",,"https://www.realestate.com.au/126138870"
"Redfern","46/1 Regent Pl",2,"Unit",,"https://www.realestate.com.au/126165114"
"Redfern","14 Rennie St",3,"House",,"https://www.realestate.com.au/126134002"
"Regents Park","12 Dunbar Av",3,"House",850,"https://www.realestate.com.au/126168118"
"Regents Park","3 Terrene St",4,"House",1591,"https://www.realestate.com.au/126037034"
"Revesby","50 Bransgrove Rd",3,"House",,"https://www.realestate.com.au/126179942"
"Revesby","127 Queen St",4,"House",965,"https://www.realestate.com.au/126191926"
"Revesby","5 Nina St",3,"House",1097,"https://www.realestate.com.au/126238254"
"Revesby","93 Albert St",6,"House",,""
"Rhodes","205/3 Nina Gray Av",2,"Unit",,""
"Rhodes","203/5 Nina Gray Av",2,"Unit",,""
"Riverview","58 Taleeban Rd",4,"House",,"https://www.realestate.com.au/126146414"
"Rockdale","1402/5 Rockdale Plaza Dr",2,"Unit",872,"https://www.realestate.com.au/126162846"
"Rodd Point","11 Heath St",3,"House",,"https://www.realestate.com.au/126164422"
"Rose Bay","5/27 The Avenue",3,"Unit",1360,"https://www.realestate.com.au/126151694"
"Rose Bay","5/17 Onslow St",3,"Unit",,"https://www.realestate.com.au/126171962"
"Rose Bay","127 Dover Rd",5,"House",,""
"Rosebery","23 Trevilyan Av",3,"House",2320,"https://www.realestate.com.au/126171066"
"Roselands","4 Smee Av",5,"House",,"https://www.realestate.com.au/126170094"
"Roselands","14 Alpha Av",5,"House",1360,"https://www.realestate.com.au/126117058"
"Roselands","15/13 Phillip St",2,"Unit",532,"https://www.realestate.com.au/126159070"
"Roseville","18 Thomas Av",6,"House",2445,"https://www.realestate.com.au/126195566"
"Roseville","21 Amarna Pde",3,"House",,"https://www.realestate.com.au/126195466"
"Roseville","3 Alexander Pde",4,"House",,"https://www.realestate.com.au/126187490"
"Roseville","82 William St",3,"House",,"https://www.realestate.com.au/126186146"
"Rozelle","8/54 Hornsey St",2,"Unit",,"https://www.realestate.com.au/126112530"
"Rozelle","12 Clubb St",3,"House",,"https://www.realestate.com.au/126159090"
"Rozelle","49 Moodie St",4,"House",,"https://www.realestate.com.au/126056622"
"Russell Lea","1 Rowley Rd",5,"House",,"https://www.realestate.com.au/126162622"
"Rydalmere","12 Chudleigh St",3,"House",1100,"https://www.realestate.com.au/126190506"
"Ryde","45 John Miller St",4,"House",,"https://www.realestate.com.au/126186474"
"Ryde","28/275 Blaxland Rd",2,"Unit",650,"https://www.realestate.com.au/126186310"
"Ryde","3/1 Devlin St",2,"Unit",650,""
"Ryde","3/3 Devlin St",2,"Unit",650,"https://www.realestate.com.au/126192758"
"Ryde","4/16 Forrest Rd",5,"Unit",,"https://www.realestate.com.au/126117954"
"Salamander Bay","202 Salamander Wy",4,"House",745,"https://www.realestate.com.au/126131942"
"Sans Souci","2/53 Toyer Av",3,"Unit",,""
"Sans Souci","53A Toyer Av",3,"House",,"https://www.realestate.com.au/126164722"
"Sans Souci","53B Toyer Av",3,"House",,"https://www.realestate.com.au/126164366"
"Seaforth","2 Palmerston Pl",4,"House",3450,"https://www.realestate.com.au/125537406"
"Sefton","99 Rose St",2,"House",,"https://www.realestate.com.au/126171450"
"Seven Hills","15 Nipigon Rd",6,"House",985,"https://www.realestate.com.au/126173730"
"Smithfield","123 Victoria St",3,"House",762,"https://www.realestate.com.au/126125270"
"Smithfield","824 The Horsley Dr",3,"House",670,"https://www.realestate.com.au/126167010"
"South Coogee","62 Denning St",4,"House",3800,"https://www.realestate.com.au/126162874"
"South Hurstville","3/22 Kairawa St",3,"Unit",,"https://www.realestate.com.au/126190406"
"South Kempsey","14 Queen St",3,"House",,"https://www.realestate.com.au/126194834"
"South Kempsey","12 Queen St",2,"House",,"https://www.realestate.com.au/126194838"
"Speers Point","7 Joseph Palmer Cl",4,"House",1300,""
"Speers Point","5 Hamilton St",3,"House",,""
"St Andrews","10 Falkland Pl",4,"House",,"https://www.realestate.com.au/126121274"
"St Helens Park","62 Heritage Heights Cct",4,"House",950,"https://www.realestate.com.au/126166818"
"St Ives","4/10 Shinfield Av",3,"Unit",,""
"St Ives","17 Blackburn St",5,"House",,"https://www.realestate.com.au/125979546"
"St Ives","40 Collins Rd",4,"House",,"https://www.realestate.com.au/126068826"
"St Ives","4/9 Newhaven Pl",3,"Unit",,"https://www.realestate.com.au/126116350"
"St Ives","19 Aronia Av",4,"House",2300,"https://www.realestate.com.au/126197714"
"St Ives Chase","4 Raleigh Cr",5,"House",,""
"St Ives Chase","4 Wandeen Pl",5,"House",1850,"https://www.realestate.com.au/126189702"
"St Leonards","216/1 Sergeants La",1,"Unit",770,"https://www.realestate.com.au/126195622"
"St Leonards","E607/599 Pacific Hwy",1,"Unit",840,"https://www.realestate.com.au/104097549"
"St Leonards","1215/1 Sergeants La",1,"Unit",,"https://www.realestate.com.au/126196930"
"St Leonards","101/10 Duntroon Av",1,"Unit",,"https://www.realestate.com.au/126189282"
"Stanmore","9 Margaret St",2,"House",1275,"https://www.realestate.com.au/126195518"
"Stanmore","1/192 Parramatta Rd",2,"Unit",,"https://www.realestate.com.au/126082290"
"Strathfield","26 Cross St",4,"House",2750,"https://www.realestate.com.au/126164354"
"Strathfield","224 Homebush Rd",4,"House",,"https://www.realestate.com.au/126152290"
"Strathfield South","257 Homebush Rd",3,"House",,"https://www.realestate.com.au/126125954"
"Summer Hill","9/58 Kensington Rd",3,"Unit",945,"https://www.realestate.com.au/126154830"
"Summer Hill","6/6 Gower St",2,"Unit",960,"https://www.realestate.com.au/126142534"
"Surry Hills","73/200 Goulburn St",2,"Unit",1400,"https://www.realestate.com.au/126047122"
"Surry Hills","91 Buckingham St",4,"House",1650,"https://www.realestate.com.au/126103510"
"Surry Hills","412/1 Poplar St",2,"Unit",,"https://www.realestate.com.au/126131258"
"Surry Hills","2 Ann St",3,"House",1190,"https://www.realestate.com.au/126164726"
"Surry Hills","71 Albion St",4,"House",2050,"https://www.realestate.com.au/126065086"
"Sutherland","51 Sunbury St",3,"House",,"https://www.realestate.com.au/126170146"
"Sydenham","83 Park Rd",3,"House",1200,"https://www.realestate.com.au/126195986"
"Sydney","2703/1 Hosking Pl",1,"Unit",,"https://www.realestate.com.au/126174214"
"Sydney","1002/209 Castlereagh St",2,"Unit",,"https://www.realestate.com.au/126165062"
"Sylvania","42/1 Koorooma Pl",2,"Unit",800,"https://www.realestate.com.au/126171082"
"Sylvania","7/14 Madeira St",3,"Unit",,"https://www.realestate.com.au/126163146"
"Tallwoods Village","11 The Bridle Path",0,"House",,""
"Tamarama","1/3 Pacific Av",3,"Unit",2925,""
"Tamworth","6/46 Hill St",2,"Unit",,"https://www.realestate.com.au/126183774"
"Tascott","26 Indra Rd",3,"House",700,"https://www.realestate.com.au/126175886"
"Telopea","6 Bonar St",4,"House",,"https://www.realestate.com.au/126159214"
"Tempe","4 Edwin St",2,"House",1220,"https://www.realestate.com.au/126185610"
"Tempe","53 Hart St",2,"House",,"https://www.realestate.com.au/126188158"
"Terranora","661 Terranora Rd",4,"House",,"https://www.realestate.com.au/126154558"
"Terrigal","10 Maree Av",3,"House",765,""
"The Entrance North","4 Manly Pde",5,"House",,"https://www.realestate.com.au/126132798"
"The Hill","1/61 Nesca Pde",3,"Unit",610,"https://www.realestate.com.au/126171134"
"The Hill","4/6 Memorial Dr",2,"Unit",,"https://www.realestate.com.au/126146250"
"Thirroul","10A Pass Av",4,"House",1080,"https://www.realestate.com.au/126178626"
"Thornleigh","10A Eddy St",4,"House",1650,"https://www.realestate.com.au/126188446"
"Thornleigh","19 Beresford Rd",3,"House",,"https://www.realestate.com.au/126174546"
"Thornleigh","8A Handley Av",5,"House",,"https://www.realestate.com.au/124152618"
"Toongabbie","251 Metella Rd",4,"House",1370,"https://www.realestate.com.au/126193482"
"Turramurra","3/1 Turramurra Av",4,"Unit",,"https://www.realestate.com.au/126173686"
"Turvey Park","55 Heydon Av",3,"House",390,"https://www.realestate.com.au/126182342"
"Tweed Heads","43 Kennedy Dr",2,"House",,"https://www.realestate.com.au/126157830"
"Tweed Heads","1/27 Charles St",3,"Unit",,"https://www.realestate.com.au/126168910"
"Tweed Heads West","13 Tattler Ct",5,"House",,"https://www.realestate.com.au/126166974"
"Umina Beach","4 Peta Cl",3,"House",,"https://www.realestate.com.au/126258738"
"Umina Beach","1 Osborne Av",2,"House",641,"https://www.realestate.com.au/126184614"
"Vaucluse","3/33 Captain Pipers Rd",2,"Unit",1500,"https://www.realestate.com.au/126183790"
"Vaucluse","303/58 New South Head Rd",3,"Unit",2150,"https://www.realestate.com.au/126104354"
"Vaucluse","1/1 Young St",2,"Unit",,"https://www.realestate.com.au/124095006"
"Villawood","1/36A Goonaroi St",4,"House",,"https://www.realestate.com.au/126146502"
"Voyager Point","7 Woollsia Ct",4,"House",,"https://www.realestate.com.au/126171158"
"Voyager Point","9 Pratia Ct",4,"House",,"https://www.realestate.com.au/126168814"
"Wahroonga","211/2C Munderah St",2,"Unit",,"https://www.realestate.com.au/126171142"
"Wahroonga","57 Grosvenor St",5,"House",,"https://www.realestate.com.au/125929206"
"Wahroonga","71 Lucinda Av",4,"House",,"https://www.realestate.com.au/126147622"
"Walla Walla","9 Commercial St",2,"House",,"https://www.realestate.com.au/124712186"
"Wallsend","4/52 Victory Pde",3,"Unit",495,"https://www.realestate.com.au/126134946"
"Wamberal","12 Mcgee Av",4,"House",,""
"Wamberal","137A Ocean View Dr",5,"House",,"https://www.realestate.com.au/125642206"
"Waratah","74 Crescent Rd",3,"House",670,"https://www.realestate.com.au/126164594"
"Warrawee","5 Chilton Pde",5,"House",,"https://www.realestate.com.au/126201646"
"Warriewood","1/153 Garden St",2,"House",1000,""
"Warriewood","33/30 Macpherson St",3,"Unit",1200,"https://www.realestate.com.au/126186430"
"Warriewood","10 Bertana Cr",3,"House",,"https://www.realestate.com.au/126163462"
"Warwick Farm","11/8 Bigge St",2,"Unit",,""
"Waterloo","415/9 Archibald Av",2,"Unit",,"https://www.realestate.com.au/126163334"
"Waterloo","848 Elizabeth St",3,"House",1200,"https://www.realestate.com.au/126171062"
"Waterloo","24/2 Kensington St",2,"Unit",875,"https://www.realestate.com.au/126169202"
"Waterview Heights","5 Weemala Dr",3,"House",,"https://www.realestate.com.au/126136826"
"Waterview Heights","90 Halcyon Dr",2,"House",,"https://www.realestate.com.au/126116582"
"Waverley","131 Henrietta St",4,"House",,"https://www.realestate.com.au/126196002"
"Waverley","8/1A Macpherson St",1,"Unit",660,""
"Waverton","1/74 Bay Rd",2,"Unit",,"https://www.realestate.com.au/126187346"
"Wentworth","166 Darling St",2,"House",,"https://www.realestate.com.au/126129850"
"Wentworth Point","374/4 The Crescent",3,"Unit",1400,"https://www.realestate.com.au/126197102"
"Wentworth Point","326/45 Amalfi Dr",1,"Unit",,"https://www.realestate.com.au/126183374"
"Wentworth Point","803/4 Nuvolari Pl",3,"Unit",,"https://www.realestate.com.au/126162226"
"Wentworth Point","333/23 Savona Dr",2,"Unit",,"https://www.realestate.com.au/126117294"
"Wentworth Point","706/9 Baywater Dr",1,"Unit",,"https://www.realestate.com.au/126202670"
"Wentworthville","30 Dorothy St",5,"House",,"https://www.realestate.com.au/126163286"
"West Albury","1/823 Miller St",7,"Unit",620,""
"West Albury","2/823 Miller St",7,"Unit",620,""
"West Albury","5/823 Miller St",7,"Unit",620,""
"West Albury","3/823 Miller St",7,"Unit",620,""
"West Albury","4/823 Miller St",7,"Unit",620,""
"West Hoxton","16 Conway Av",4,"House",,"https://www.realestate.com.au/126200054"
"West Nowra","75 Albatross Rd",2,"House",541,"https://www.realestate.com.au/126141110"
"West Pennant Hills","92 Cardinal Av",3,"House",2155,"https://www.realestate.com.au/126214786"
"West Ryde","2 Hermoyne St",3,"House",1805,""
"Westdale","42 Evans St",3,"House",240,"https://www.realestate.com.au/126125194"
"Wetherill Park","5 Bronte Cl",5,"House",,"https://www.realestate.com.au/126125274"
"Wetherill Park","37 Locke St",3,"House",855,"https://www.realestate.com.au/126177790"
"Willoughby","74 Edinburgh Rd",4,"House",1920,"https://www.realestate.com.au/126186222"
"Willoughby","15 Gorman St",4,"House",,"https://www.realestate.com.au/126190558"
"Willoughby","204B/34 Penshurst St",2,"Unit",1180,""
"Winston Hills","48 Langdon Rd",5,"House",1390,"https://www.realestate.com.au/126159174"
"Wollongbar","5 Analei St",4,"House",555,""
"Wollstonecraft","13/7 Morton St",2,"Unit",,"https://www.realestate.com.au/126203098"
"Wollstonecraft","138/41 Rocklands Rd",2,"Unit",1305,"https://www.realestate.com.au/126183718"
"Wollstonecraft","8/29 Belmont Av",2,"Unit",980,"https://www.realestate.com.au/126183850"
"Wollstonecraft","24 Milray Av",4,"House",5680,"https://www.realestate.com.au/126176798"
"Wollstonecraft","50A Milray Av",3,"House",1850,"https://www.realestate.com.au/126201902"
"Wollstonecraft","4/46 Milray Av",2,"Unit",,"https://www.realestate.com.au/126192622"
"Wollstonecraft","9/19 Sinclair St",2,"Unit",,"https://www.realestate.com.au/126191586"
"Wollstonecraft","5A/8 Gas Works Rd",3,"Unit",,"https://www.realestate.com.au/126203370"
"Wollstonecraft","4/1 Selwyn St",3,"Unit",,"https://www.realestate.com.au/126179398"
"Woollahra","34 Edward St",4,"House",3890,"https://www.realestate.com.au/126164362"
"Woollahra","5/8 Fullerton St",2,"Unit",,"https://www.realestate.com.au/126116234"
"Woollahra","14 Trelawney St",3,"House",,""
"Woollahra","160 Queen St",4,"House",,"https://www.realestate.com.au/126128078"
"Woollahra","96 Old South Head Rd",3,"House",1625,"https://www.realestate.com.au/126176306"
"Woollahra","9 Pickering La",2,"House",2400,"https://www.realestate.com.au/126168838"
"Woolloomooloo","702/22 Sir John Young Cr",2,"Unit",1315,"https://www.realestate.com.au/126184546"
"Woolooware","26/110 Kingsway",2,"Unit",,"https://www.realestate.com.au/126168382"
"Woolooware","10A Hill St",3,"House",,"https://www.realestate.com.au/126160174"
"Woolooware","1 Fairs Av",2,"House",,"https://www.realestate.com.au/126181174"
"Woolooware","13 English St",4,"House",1860,"https://www.realestate.com.au/126233318"
"Woonona","41 Gray St",4,"House",1000,"https://www.realestate.com.au/126179250"
"Woonona","41 Dorrigo Av",4,"House",,"https://www.realestate.com.au/126174462"
"Woronora Heights","6 Dotterel Pl",5,"House",1320,"https://www.realestate.com.au/126198594"
"Woronora Heights","102 Bundanoon Rd",4,"House",1366,"https://www.realestate.com.au/126186622"
"Wyong","53 Panonia Rd",3,"House",,"https://www.realestate.com.au/126112674"
"Yagoona","8 Alexander St",3,"House",851,"https://www.realestate.com.au/126168914"
"Yagoona","13 Houston Rd",5,"House",1315,"https://www.realestate.com.au/126164618"
"Yowie Bay","34 Balowrie St",5,"House",2100,"https://www.realestate.com.au/126084678"
"Yowie Bay","85 Attunga Rd",4,"House",,"https://www.realestate.com.au/126180014"
